nthreads,npoints,mean_time,acceleration,efficiency
1,5000,24.897800,1.000000,1.000000
2,5000,18.507900,1.345253,0.672626
4,5000,16.348800,1.522913,0.380728
8,5000,8.861200,2.809755,0.351219
16,5000,5.656400,4.401704,0.275107
