nthreads,npoints,run_index,time
1,100,1,0.014369
1,100,2,0.013982
1,100,3,0.013677
1,100,4,0.013758
1,100,5,0.013963
2,100,1,0.013892
2,100,2,0.013689
2,100,3,0.013934
2,100,4,0.013874
2,100,5,0.014193
4,100,1,0.013866
4,100,2,0.013832
4,100,3,0.014015
4,100,4,0.014148
4,100,5,0.014118
8,100,1,0.013694
8,100,2,0.013776
8,100,3,0.013857
8,100,4,0.013867
8,100,5,0.013918
16,100,1,0.014054
16,100,2,0.013736
16,100,3,0.013819
16,100,4,0.013821
16,100,5,0.013776
